{
    "queries": [
        {
            "id": 301
        },
        {
            "id": 302
        },
        {
            "id": 303
        }, 
	{
            "id": 304
        },
        {
            "id": 305
        },
        {
            "id": 306
        }, 
	{
            "id": 307
        },
        {
            "id": 308
        },
        {
            "id": 309
        },
	{
            "id": 310
        },
        {
            "id": 311
        },
        {
            "id": 312
        },
        {
            "id": 313
        },
        {
            "id": 314
        },
        {
            "id": 315
        },
        {
            "id": 316
        },
        {
            "id": 317
        },
        {
            "id": 318
        },
        {
            "id": 319
        },
        {
            "id": 320
        },
        {
            "id": 321
        },
        {
            "id": 322
        },
        {
            "id": 323
        },
        {
            "id": 324
        },
        {
            "id": 325
        },
        {
            "id": 326
        }
    ],
    "stories": [
        {
            "id": 301
        },
        {
            "id": 302
        },
        {
            "id": 303
        },
	{
            "id": 304
        },
        {
            "id": 305
        }

    ],
    "users": [
        {
            "id": 1
        },
        {
            "id": 2
        },
        {
            "id": 2
        },
        {
            "id": 4
        }    ]
}