{
    "queries": [
        {
            "id": 1201
        },
        {
            "id": 1202
        },
        {
            "id": 1203
        }, 
	{
            "id": 1204
        },
        {
            "id": 1205
        },
        {
            "id": 1206
        }, 
	{
            "id": 1207
        },
        {
            "id": 1208
        },
        {
            "id": 1209
        },
	{
            "id": 1210
        },
        {
            "id": 1211
        },
        {
            "id": 1212
        },
        {
            "id": 1213
        },
        {
            "id": 1214
        },
        {
            "id": 1215
        },
        {
            "id": 1216
        },
        {
            "id": 1217
        },
        {
            "id": 1218
        },
        {
            "id": 1219
        },
        {
            "id": 1220
        },
        {
            "id": 1221
        },
        {
            "id": 1222
        },
        {
            "id": 1223
        },
        {
            "id": 1224
        },
        {
            "id": 1225
        },
        {
            "id": 1226
        },
	{
            "id": 1227
        },
        {
            "id": 1228
        }

    ],
    "stories": [
        {
            "id": 1201
        },
        {
            "id": 1202
        },
        {
            "id": 1203
        },
	{
            "id": 1204
        },
        {
            "id": 1205
        },
        {
            "id": 1206
        },
	{
            "id": 1207
        },
        {
            "id": 1208
        }
    ],
    "users": [
        {
            "id": 1201
        },
        {
            "id": 1202
        },
        {
            "id": 1203
        },
        {
            "id": 1204
        }    ]
}