{
    "queries": [
        {
            "id": 1001
        },
        {
            "id": 1002
        },
        {
            "id": 1003
        },
        {
            "id": 1004
        },
        {
            "id": 1005
        },
        {
            "id": 1006
        },
        {
            "id": 1007
        }
    ],
    "stories": [
        {
            "id": 1001
        },
        {
            "id": 1002
        }
    ],
    "users": [
        {
            "id": 1
        },
        {
            "id": 2
        },
        {
            "id": 3
        },
        {
            "id": 4
        }
    ]
}