{
    "users": [
        {
            "id": 601,
            "status": "inactive",
            "db_type": "db2",
            "db_version": "8.0.2",
            "db_username": "polly",
            "db_password": "polly",
            "db_port": "50000",
            "db_database": "crm",
            "db_url": "localhost",
            "db_jdbcClassName": "com.ibm.db2.jcc.DB2Driver",
            "db_userIcon": "usericon",
            "db_databaseIcon": "databaseicon",
            "db_alias": "DBADM",
            "db_access": "Full Access"
        },
        {
            "id": 602,
            "status": "inactive",
            "db_type": "db2",
            "db_version": "8.0.2",
            "db_username": "liher",
            "db_password": "liher",
            "db_port": "50000",
            "db_database": "crm",
            "db_url": "localhost",
            "db_jdbcClassName": "com.ibm.db2.jcc.DB2Driver",
            "db_userIcon": "usericon",
            "db_databaseIcon": "databaseicon",
            "db_alias": "DBADM Bad Guy",
            "db_access": "Full Access"
        },
        {
            "id": 603,
            "status": "inactive",
            "db_type": "db2",
            "db_version": "8.0.2",
            "db_username": "jason",
            "db_password": "jason",
            "db_port": "50000",
            "db_database": "crm",
            "db_url": "localhost",
            "db_jdbcClassName": "com.ibm.db2.jcc.DB2Driver",
            "db_userIcon": "usericon",
            "db_databaseIcon": "databaseicon",
            "db_alias": "Standard User",
            "db_access": "Select,Update,Insert,Delete"
        },
        {
            "id": 604,
            "status": "inactive",
            "db_type": "db2",
            "db_version": "8.0.2",
            "db_username": "john",
            "db_password": "john",
            "db_port": "50000",
            "db_database": "crm",
            "db_url": "localhost",
            "db_jdbcClassName": "com.ibm.db2.jcc.DB2Driver",
            "db_userIcon": "usericon",
            "db_databaseIcon": "databaseicon",
            "db_alias": "Standard User",
            "db_access": "Select,Update,Insert,Delete"
        }
    ]
}