{
    "queries": [
        {
            "id": 1101
        },
        {
            "id": 1102
        },
        {
            "id": 1103
        },
        {
            "id": 1104
        },
        {
            "id": 1105
        },
        {
            "id": 1106
        },
        {
            "id": 1107
        },
        {
            "id": 1108
        },
        {
            "id": 1109
        },
        {
            "id": 1110
        }
    ],
    "stories": [
        {
            "id": 1101
        },
        {
            "id": 1102
        }
    ],
    "users": [
        {
            "id": 1
        },
        {
            "id": 2
        },
        {
            "id": 3
        },
        {
            "id": 4
        }
    ]
}