{
  "outlierName": "Outlier Update Anomaly MySQL",
  "description": "Description of what this outlier does",
  "version": "1.0.0",
  "author": "John Clarke, Jason Flood",
  "scripts": [
    {
      "scriptName": "run_timed_updates_background.sh",
      "scriptType": "bash",
      "description": "All in Readme",
      "enabled": false,
      "schedules": [
        {
          "description": "When this runs",
          "cronExpression": "0 2 * * *",
          "parameters": "param1 param2",
          "enabled": true
        }
      ]
    }
  ]
}