{
    "users": [
        {
            "id": 1,
            "status": "inactive",
            "db_type": "sqlserver",
            "db_version": "8.0.2",
            "db_username": "polly",
            "db_password": "Password1!",
            "db_port": "50762",
            "db_database": "CRM",
            "db_url": "localhost",
            "db_jdbcClassName": "com.microsoft.sqlserver.jdbc.SQLServerDriver",
            "db_userIcon": "usericon",
            "db_databaseIcon": "databaseicon",
            "db_alias": "DB Admin",
            "db_access": "Server Admin"
        },
        {
            "id": 2,
            "status": "inactive",
            "db_type": "sqlserver",
            "db_version": "8.0.2",
            "db_username": "liher",
            "db_password": "Password1!",
            "db_port": "50762",
            "db_database": "CRM",
            "db_url": "localhost",
            "db_jdbcClassName": "com.microsoft.sqlserver.jdbc.SQLServerDriver",
            "db_userIcon": "usericon",
            "db_databaseIcon": "databaseicon",
            "db_alias": "Bad Guy",
            "db_access": "Server Admin"
        },
        {
            "id": 3,
            "status": "inactive",
            "db_type": "sqlserver",
            "db_version": "8.0.2",
            "db_username": "jason",
            "db_password": "Password1!",
            "db_port": "50762",
            "db_database": "CRM",
            "db_url": "localhost",
            "db_jdbcClassName": "com.microsoft.sqlserver.jdbc.SQLServerDriver",
            "db_userIcon": "usericon",
            "db_databaseIcon": "databaseicon",
            "db_alias": "Standard User",
            "db_access": "Select,Update,Insert,Delete,Execute"
        },
        {
            "id": 4,
            "status": "inactive",
            "db_type": "sqlserver",
            "db_version": "8.0.2",
            "db_username": "john",
            "db_password": "Password1!",
            "db_port": "5432",
            "db_database": "CRM",
            "db_url": "localhost",
            "db_jdbcClassName": "com.microsoft.sqlserver.jdbc.SQLServerDriver",
            "db_userIcon": "usericon",
            "db_databaseIcon": "databaseicon",
            "db_alias": "Standard User",
            "db_access": "Select,Update,Insert,Delete,Execute"
        }
    ]
}