{
    "pack_name": "outlier_update_anomaly",
    "version": "v1.0",
    "db_type": "mysql",
    "build_date": "11-Feb-2026",
    "build_version": "140",
    "description": "Update Anomaly Outlier Detection - Simulates time-based anomaly patterns in UPDATE operations. Establishes normal baseline (50 updates/hour) followed by anomalous spike (1000 rapid updates) to test detection of unauthorized bulk data modification and compromised account activity.",
    "author": "Official",
    "icon": "mysql.png",
    "background_traffic": "yes"
}