{
  "outlierName": "Outlier Denial Of Service Run MySQL",
  "description": "Description of what this outlier does",
  "version": "1.0.0",
  "author": "John Clarke, Jason Flood",
  "scripts": [
    {
      "scriptName": "run_dos_test.sh",
      "scriptType": "bash",
      "description": "All in Readme",
      "enabled": false,
      "schedules": [
        {
          "description": "When this runs",
          "cronExpression": "",
          "parameters": "",
          "enabled": true
        }
      ]
    }]
    }

  ]
}