{
    "queries": [
        {
            "id": 997
        },
        {
            "id": 998
        },
        {
            "id": 999
        }
    ],
    "stories": [
        {
            "id": 10
        },
        {
            "id": 11
        },
        {
            "id": 12
        }
    ],
    "users": [
        {
            "id": 901
        },
        {
            "id": 902
        },
        {
            "id": 903
        },
        {
            "id": 904
        }
    ]
}