{
    "queries": [
        {
            "id": "51"
        },
        {
            "id": "52"
        },
        {
            "id": "53"
        }
    ],
    "stories": [
        {
            "id": "1"
        },
        {
            "id": "2"
        },
        {
            "id": "3"
        }
    ],
    "users": [
        {
            "id": "1"
        },
        {
            "id": "2"
        },
        {
            "id": "3"
        },
        {
            "id": "4"
        },
        {
            "id": "5"
        },
        {
            "id": "6"
        },
        {
            "id": "7"
        }
    ]
}